ra_game_id,title,category,achievements,ra_hashes,status,local_roms,local_releases,dat_entries,dat_games,nointro_db_files,nointro_db_titles,local_sources,other_platform_db
244,BS Super Aleste,Official,86,3,local,1,Super Aleste (Japan),3,Super Aleste (Japan),0,,"nointro,retroachievements",
3797,Super Nazo Puyo: Ruruu no Ruu,Official,32,3,local,1,Super Nazo Puyo - Rulue no Roux (Japan) (4-4),3,Super Nazo Puyo - Rulue no Roux (Japan) (4-4),0,,"nointro,retroachievements",
3804,Super Ninja-kun,Official,37,2,local,1,Super Ninja-kun (Japan) (6-1),3,Super Ninja-kun (Japan) (6-1),0,,"nointro,retroachievements",
5211,BS F-Zero Grand Prix 2,Official,8,2,local,1,BS F-Zero Grand Prix 2 - Practice (Japan) (12-6),3,BS F-Zero Grand Prix 2 - Practice (Japan) (12-6),0,,"nointro,retroachievements",
7465,BS Zelda no Densetsu: Inishie no Sekiban,Official,57,17,local,9,"BS Zelda no Densetsu - Inishie no Sekiban - Dai-3-wa (Japan) (SoundLink),BS Zelda no Densetsu - Inishie no Sekiban - Dai-1-wa (Japan) (SoundLink),BS Zelda no Densetsu - Inishie no Sekiban - Dai-4-wa (Japan) (SoundLink),BS Zelda no Densetsu - Inishie no Sekiban - Dai-2-wa (Japan) (SoundLink)",12,"BS Zelda no Densetsu - Inishie no Sekiban - Dai-3-wa (Japan) (SoundLink),BS Zelda no Densetsu - Inishie no Sekiban - Dai-1-wa (Japan) (SoundLink),BS Zelda no Densetsu - Inishie no Sekiban - Dai-4-wa (Japan) (SoundLink),BS Zelda no Densetsu - Inishie no Sekiban - Dai-2-wa (Japan) (SoundLink)",0,,"nointro,retroachievements",
7886,Kaizou Choujin Shubibinman Zero,Official,34,4,local,1,Kaizou Choujin Shubibinman Zero (Japan) (1997-6-4),3,"Kaizou Choujin Shubibinman Zero (Japan) (6-4),Kaizou Choujin Shubibinman Zero (Japan) (1997-6-4)",0,,"nointro,retroachievements",
8670,Tamori no Picross,Official,19,5,local,5,"Tamori no Picross (1995-8-13) + Bakushow Mondai no Houkago no Ousama - Kayoubi (1995-10-17) (Japan) (Game, SoundLink Magazine)",3,"Tamori no Picross (1995-8-13) + Bakushow Mondai no Houkago no Ousama - Kayoubi (1995-10-17) (Japan) (Game, SoundLink Magazine)",3,"Tamori no Picross (Japan) (1995-8-13),Tamori no Picross (Japan) (1995-6-26),Tamori no Picross (1995-6-13) + AK LIVE Hit Gang (1995-5-30) (Japan) (Game, Magazine)","nointro,retroachievements",
8747,BS Zelda no Densetsu,Official,59,2,local,2,,0,,0,,retroachievements,
9240,BS Fire Emblem: Akaneia Senkihen,Official,15,8,local,8,"BS Fire Emblem - Akaneia Senki Hen - Dai-2-wa - Akai Ryuu Kishi (Japan) (1999-4-13) (SoundLink),BS Fire Emblem - Akaneia Senki Hen - Dai-3-wa - Seigi no Touzokudan (Japan) (1999-4-21) (SoundLink),BS Fire Emblem - Akaneia Senki Hen - Dai-1-wa - Palace Kanraku (Japan) (1999-4-4) (SoundLink),BS Fire Emblem - Akaneia Senki Hen - Dai-4-wa - Hajimari no Toki (Japan) (1999-4-28) (SoundLink)",12,"BS Fire Emblem - Akaneia Senki Hen - Dai-2-wa - Akai Ryuu Kishi (Japan) (4-13) (SoundLink),BS Fire Emblem - Akaneia Senki Hen - Dai-2-wa - Akai Ryuu Kishi (Japan) (1999-4-13) (SoundLink),BS Fire Emblem - Akaneia Senki Hen - Dai-3-wa - Seigi no Touzokudan (Japan) (4-21) (SoundLink),BS Fire Emblem - Akaneia Senki Hen - Dai-3-wa - Seigi no Touzokudan (Japan) (1999-4-21) (SoundLink),BS Fire Emblem - Akaneia Senki Hen - Dai-1-wa - Palace Kanraku (Japan) (4-4) (SoundLink),BS Fire Emblem - Akaneia Senki Hen - Dai-1-wa - Palace Kanraku (Japan) (1999-4-4) (SoundLink),BS Fire Emblem - Akaneia Senki Hen - Dai-4-wa - Hajimari no Toki (Japan) (4-28) (SoundLink),BS Fire Emblem - Akaneia Senki Hen - Dai-4-wa - Hajimari no Toki (Japan) (1999-4-28) (SoundLink)",0,,"nointro,retroachievements",
12832,Undake30 Same Game Daisakusen: Mario Version,Official,13,2,local,1,,0,,1,"Undake 30 - Same Game Daisakusen - Mario Version (1995-11-16) + Waiwai Check (Rerun) (1995-11-22, 11-24) (Japan)","nointro,retroachievements",
20562,Kirby no Omochabako | Kirby's Toy Box,Official,58,9,local,9,"Kirby no Omochabako - Ball Rally (Japan) (Premiere) (1996-2-25) (Standalone Fix) [b],Kirby no Omochabako - Cannon Ball (Japan),Kirby no Omochabako - Guruguru Ball (Japan),Kirby no Omochabako - Arrange Ball (Japan),Kirby no Omochabako - Hoshi Kuzushi (Japan),Kirby no Omochabako - Pachinko (Japan),Kirby no Omochabako - Baseball (Japan) (1996-3-13) (Standalone Fix) [b]",21,"Kirby no Omochabako - Ball Rally (Japan) (Premiere) (1996-2-25) (Standalone Fix) [b],Kirby no Omochabako - Cannon Ball (Japan),Kirby no Omochabako - Guruguru Ball (Japan),Kirby no Omochabako - Arrange Ball (Japan),Kirby no Omochabako - Hoshi Kuzushi (Japan),Kirby no Omochabako - Pachinko (Japan),Kirby no Omochabako - Baseball (Japan) (3-13) (Standalone Fix) [b],Kirby no Omochabako - Baseball (Japan) (1996-3-13) (Standalone Fix) [b]",2,"Kirby no Omochabako - Pinball (Japan),Kirby no Omochabako - Baseball (Japan) (Premiere) (1996-2-9)","nointro,retroachievements",
22135,Treasure Conflix,Official,79,2,local,1,Treasure Conflix (Japan),3,Treasure Conflix (Japan),0,,"nointro,retroachievements",
23003,BS Super Mario USA: Power Challenge,Official,34,13,local,4,"BS Super Mario USA - Power Challenge - Dai-3-kai (Japan) (SoundLink),BS Super Mario USA - Power Challenge - Dai-1-kai (Japan) (SoundLink),BS Super Mario USA - Power Challenge - Dai-2-kai (Japan) (SoundLink),BS Super Mario USA - Power Challenge - Dai-4-kai (Japan) (SoundLink)",12,"BS Super Mario USA - Power Challenge - Dai-3-kai (Japan) (SoundLink),BS Super Mario USA - Power Challenge - Dai-1-kai (Japan) (SoundLink),BS Super Mario USA - Power Challenge - Dai-2-kai (Japan) (SoundLink),BS Super Mario USA - Power Challenge - Dai-4-kai (Japan) (SoundLink)",0,,nointro,
